fund,VaR_95,CVaR_95
amfi_code,0.0,-1.6327514225913747e-05
nav,-0.016321530360663104,-0.029753624373512297
